node_1,node_2
0,933
0,598
1,81
1,4
1,254
1,198
1,343
2,4
2,198
2,778
2,238
2,81
2,245
2,343
2,985
2,319
3,128
3,897
3,770
3,3
3,645
3,390
3,393
3,523
3,13
3,654
3,918
3,144
3,26
3,771
3,149
3,22
3,150
3,792
3,666
3,993
3,922
3,849
3,496
3,36
3,166
3,295
3,168
3,732
3,810
3,427
3,812
3,46
3,627
3,334
3,438
3,185
3,827
3,829
3,65
3,963
3,54
3,583
3,585
3,202
3,78
3,528
3,593
3,82
3,851
3,980
3,597
3,86
3,600
3,975
3,476
3,221
3,478
3,607
3,352
3,400
3,226
3,934
3,977
3,233
3,874
3,451
3,189
3,240
3,113
3,403
3,501
3,886
3,122
3,251
3,125
3,894
4,4
4,5
4,7
4,665
4,9
4,12
4,525
4,14
4,18
4,19
4,23
4,25
4,90
4,517
4,544
4,546
4,35
4,549
4,550
4,551
4,40
4,41
4,519
4,557
4,47
4,564
4,565
4,55
4,58
4,61
4,63
4,64
4,577
4,69
4,70
4,695
4,582
4,77
4,590
4,81
4,867
4,838
4,85
4,601
4,602
4,92
4,605
4,606
4,608
4,293
4,104
4,617
4,924
4,621
4,622
4,111
4,114
4,117
4,118
4,632
4,633
4,123
4,134
4,136
4,137
4,650
4,139
4,652
4,655
4,145
4,660
4,153
4,623
4,156
4,159
4,674
4,163
4,165
4,167
4,171
4,172
4,174
4,541
4,177
4,179
4,181
4,694
4,457
4,184
4,188
4,704
4,706
4,708
4,709
4,198
4,199
4,200
4,716
4,290
4,207
4,208
4,209
4,211
4,213
4,216
4,217
4,218
4,219
4,220
4,37
4,604
4,367
4,738
4,739
4,743
4,744
4,745
4,746
4,235
4,751
4,755
4,244
4,758
4,247
4,248
4,252
4,254
4,256
4,258
4,259
4,772
4,261
4,776
4,266
4,780
4,271
4,273
4,787
4,729
4,793
4,795
4,798
4,287
4,802
4,987
4,805
4,294
4,807
4,296
4,298
4,813
4,649
4,52
4,53
4,321
4,836
4,326
4,327
4,329
4,842
4,331
4,332
4,336
4,340
4,341
4,343
4,911
4,864
4,355
4,356
4,870
4,359
4,231
4,879
4,369
4,373
4,831
4,899
4,893
4,896
4,386
4,387
4,456
4,389
4,905
4,919
4,397
4,399
4,402
4,407
4,408
4,411
4,412
4,926
4,418
4,155
4,421
4,422
4,423
4,425
4,941
4,943
4,433
4,435
4,948
4,445
4,958
4,959
4,452
4,968
4,76
4,973
4,974
4,465
4,982
4,719
4,985
4,286
4,989
4,990
4,484
4,494
4,509
4,510
5,322
5,515
5,37
5,10
5,81
5,343
5,890
5,159
6,56
6,89
6,931
6,68
6,470
7,834
7,198
7,104
7,81
7,179
7,694
7,343
7,890
7,989
8,771
8,150
8,524
8,13
8,654
8,792
8,149
8,22
8,152
8,160
8,496
8,804
8,677
8,680
8,682
8,436
8,438
8,65
8,963
8,580
8,971
8,975
8,82
8,980
8,600
8,476
8,221
8,993
8,743
8,240
8,372
8,124
8,125
9,198
9,842
9,567
9,81
9,982
9,343
9,602
9,155
9,319
10,515
10,156
10,798
10,159
10,288
10,163
10,805
10,550
10,92
10,172
10,941
10,430
10,989
10,968
10,178
10,326
10,200
10,331
10,76
10,590
10,465
10,85
10,343
10,412
10,604
10,890
10,123
10,81
10,879
10,506
10,763
10,254
11,931
11,939
11,242
11,547
11,48
11,596
11,754
11,499
11,643
11,470
11,889
11,56
11,825
11,603
11,93
12,198
12,424
12,332
12,634
12,762
13,128
13,897
13,770
13,900
13,918
13,646
13,391
13,393
13,138
13,523
13,524
13,874
13,654
13,400
13,26
13,771
13,149
13,22
13,849
13,792
13,666
13,922
13,436
13,645
13,496
13,390
13,934
13,295
13,168
13,732
13,810
13,427
13,812
13,46
13,627
13,334
13,438
13,185
13,827
13,189
13,451
13,54
13,993
13,585
13,202
13,971
13,78
13,528
13,593
13,82
13,851
13,980
13,597
13,86
13,600
13,250
13,150
13,975
13,476
13,221
13,478
13,607
13,352
13,144
13,226
13,166
13,977
13,142
13,773
13,240
13,113
13,403
13,372
13,501
13,886
13,963
13,680
13,122
13,251
13,125
13,894
14,198
14,200
14,311
14,81
14,343
15,816
15,357
15,198
15,871
15,145
15,267
15,430
15,591
15,368
15,305
15,178
15,670
15,81
16,448
16,384
16,962
16,227
16,612
16,777
16,533
16,657
16,690
16,115
16,949
16,121
16,861
16,255
17,279
17,723
17,925
17,782
17,839
18,198
18,200
18,311
18,81
18,343
19,136
19,81
19,343
20,449
20,962
20,964
20,678
20,641
20,328
20,887
20,239
20,629
20,534
20,183
20,868
20,282
20,796
20,158
20,895
21,432
21,611
21,941
22,523
22,22
22,26
22,36
22,46
22,54
22,863
22,583
22,585
22,78
22,593
22,82
22,597
22,86
22,600
22,607
22,627
22,122
22,125
22,127
22,128
22,645
22,141
22,654
22,144
22,963
22,149
22,150
22,666
22,677
22,166
22,168
22,185
22,189
22,202
22,728
22,732
22,221
22,226
22,743
22,232
22,236
22,240
22,980
22,250
22,251
22,770
22,792
22,797
22,804
22,295
22,810
22,812
22,733
22,822
22,827
22,334
22,849
22,338
22,851
22,862
22,351
22,352
22,874
22,886
22,894
22,897
22,390
22,393
22,400
22,403
22,918
22,922
22,934
22,935
22,427
22,436
22,438
22,953
22,451
22,975
22,977
22,468
22,476
22,478
22,993
22,496
22,680
22,501
23,81
23,114
23,198
23,343
24,220
24,566
24,198
24,447
25,81
25,114
25,198
25,343
26,128
26,897
26,770
26,645
26,390
26,393
26,523
26,654
26,918
26,400
26,728
26,771
26,149
26,150
26,792
26,666
26,993
26,922
26,849
26,496
26,291
26,934
26,295
26,168
26,732
26,810
26,427
26,78
26,46
26,270
26,627
26,438
26,185
26,827
26,189
26,65
26,963
26,54
26,812
26,585
26,202
26,680
26,334
26,528
26,593
26,82
26,851
26,597
26,86
26,600
26,345
26,975
26,476
26,221
26,478
26,607
26,352
26,144
26,226
26,166
26,614
26,977
26,874
26,451
26,829
26,240
26,113
26,403
26,501
26,886
26,122
26,251
26,125
26,894
27,892
27,198
27,79
28,198
28,273
28,81
28,178
28,701
28,222
29,976
29,942
29,504
29,103
29,844
29,233
29,203
29,588
29,205
29,526
29,784
29,120
29,178
29,243
29,820
29,561
29,950
29,984
29,473
29,283
29,62
30,257
30,363
30,395
30,526
30,784
30,707
30,151
30,409
30,283
30,858
30,542
30,176
30,923
30,561
30,169
30,50
30,687
30,560
30,817
30,306
30,563
30,820
30,308
30,62
30,575
30,832
30,705
30,578
30,195
30,417
30,460
30,588
30,205
30,845
30,976
30,466
30,724
30,854
30,569
30,984
30,473
30,474
30,475
30,229
30,737
30,847
30,613
30,103
30,233
30,875
30,915
30,500
30,630
30,504
30,766
30,127
31,391
31,393
31,150
31,152
31,930
31,804
31,677
31,935
31,297
31,682
31,822
31,185
31,607
31,956
31,583
31,458
31,600
31,732
31,94
31,863
31,993
31,236
31,250
31,508
32,166
32,233
32,138
32,82
32,750
32,306
32,351
33,316
33,85
33,326
34,634
34,198
34,762
34,394
34,332
34,301
34,302
34,974
34,282
34,380
34,826
34,63
35,198
35,81
35,343
35,300
35,823
35,311
35,985
35,319
36,934
36,583
36,585
36,654
36,221
36,144
36,436
36,438
36,124
36,189
37,81
37,343
37,280
37,506
38,595
38,342
39,609
39,514
39,485
39,647
39,908
39,299
39,620
39,914
39,502
40,311
40,482
40,933
40,198
40,421
40,778
40,331
40,81
40,343
40,319
41,834
41,933
41,198
41,778
41,331
41,81
41,343
41,319
42,584
42,56
42,68
43,192
43,710
43,774
43,301
43,145
43,278
43,920
44,675
44,324
44,581
44,828
44,859
44,420
44,972
44,909
44,846
44,653
44,684
44,568
44,857
44,664
44,281
44,347
44,507
44,348
44,559
45,992
45,769
45,933
45,105
45,45
45,945
45,214
45,823
45,985
45,314
45,831
46,128
46,897
46,770
46,922
46,645
46,390
46,393
46,523
46,654
46,918
46,400
46,792
46,403
46,149
46,150
46,152
46,666
46,849
46,496
46,930
46,934
46,295
46,168
46,732
46,810
46,427
46,812
46,142
46,270
46,334
46,438
46,185
46,827
46,189
46,451
46,54
46,993
46,585
46,202
46,78
46,528
46,593
46,82
46,851
46,597
46,86
46,600
46,250
46,975
46,476
46,221
46,478
46,351
46,352
46,144
46,226
46,166
46,977
46,232
46,874
46,240
46,113
46,627
46,372
46,501
46,886
46,963
46,122
46,251
46,125
46,894
47,834
47,933
47,198
47,81
47,343
47,155
47,319
48,643
48,939
48,754
48,499
48,56
48,889
48,603
48,93
49,388
49,903
49,584
49,488
49,852
49,56
50,257
50,363
50,395
50,526
50,784
50,707
50,791
50,409
50,283
50,858
50,176
50,923
50,561
50,169
50,555
50,687
50,560
50,817
50,563
50,820
50,542
50,308
50,62
50,575
50,832
50,705
50,578
50,195
50,417
50,460
50,588
50,205
50,845
50,976
50,466
50,724
50,854
50,569
50,984
50,473
50,474
50,475
50,229
50,737
50,847
50,613
50,103
50,233
50,875
50,915
50,500
50,630
50,504
50,766
51,178
51,147
51,710
51,199
52,114
52,355
52,198
52,343
53,81
53,178
53,966
53,198
54,128
54,897
54,922
54,645
54,390
54,393
54,523
54,654
54,144
54,403
54,149
54,150
54,792
54,666
54,849
54,496
54,166
54,295
54,168
54,732
54,810
54,427
54,812
54,334
54,438
54,185
54,827
54,189
54,451
54,993
54,585
54,202
54,78
54,975
54,593
54,338
54,851
54,597
54,86
54,600
54,476
54,221
54,478
54,607
54,352
54,400
54,226
54,934
54,977
54,874
54,82
54,829
54,240
54,627
54,501
54,886
54,963
54,251
54,125
54,894
55,482
55,891
55,356
55,933
55,198
55,231
55,842
55,834
55,430
55,81
55,622
55,343
55,155
55,319
56,797
56,903
56,521
56,396
56,781
56,274
56,917
56,791
56,921
56,986
56,803
56,931
56,681
56,683
56,242
56,824
56,309
56,696
56,825
56,444
56,193
56,68
56,581
56,455
56,584
56,459
56,844
56,56
56,210
56,547
56,596
56,470
56,89
56,346
56,603
56,95
56,480
56,742
56,488
56,366
56,754
56,499
56,246
56,852
56,253
57,921
57,299
57,420
58,98
58,933
58,198
58,778
58,81
58,343
58,985
58,901
59,272
59,844
60,98
60,67
60,933
60,615
60,300
60,589
60,720
60,823
60,988
60,701
61,198
61,899
61,726
61,294
61,329
61,266
61,974
61,273
61,178
61,758
61,634
61,63
61,765
61,543
62,257
62,363
62,797
62,395
62,578
62,526
62,784
62,707
62,532
62,409
62,283
62,560
62,923
62,817
62,169
62,555
62,858
62,306
62,942
62,687
62,176
62,561
62,563
62,820
62,542
62,950
62,308
62,575
62,832
62,705
62,66
62,195
62,417
62,588
62,203
62,460
62,205
62,845
62,976
62,466
62,724
62,854
62,569
62,984
62,473
62,474
62,475
62,229
62,737
62,847
62,613
62,455
62,103
62,233
62,875
62,236
62,750
62,915
62,500
62,630
62,504
62,766
62,127
63,765
63,634
63,198
63,273
63,424
63,394
63,826
63,332
63,301
63,974
63,911
63,303
63,302
63,282
63,543
63,380
63,735
63,223
64,198
64,311
64,81
64,114
64,343
65,512
65,897
65,770
65,900
65,773
65,646
65,270
65,528
65,771
65,150
65,160
65,934
65,682
65,438
65,186
65,189
65,65
65,971
65,78
65,975
65,849
65,980
65,860
65,352
65,496
65,113
65,372
65,122
65,124
65,125
66,233
66,243
67,98
67,933
67,988
67,589
67,720
67,823
67,891
67,831
68,903
68,521
68,396
68,781
68,274
68,917
68,931
68,681
68,683
68,309
68,825
68,193
68,584
68,459
68,824
68,803
68,852
68,470
68,89
68,346
68,95
68,480
68,366
68,242
68,499
68,246
68,253
69,933
69,198
69,81
69,343
69,155
70,933
70,198
70,778
70,81
70,245
70,343
70,985
70,126
70,831
71,969
71,979
71,201
72,335
73,360
73,101
73,198
73,191
74,345
74,918
75,898
75,775
75,428
75,536
75,884
75,405
75,856
75,921
76,577
76,198
76,81
76,551
76,727
76,365
76,430
76,688
76,145
76,178
76,343
76,763
77,256
77,314
78,512
78,128
78,770
78,922
78,645
78,390
78,897
78,393
78,523
78,654
78,400
78,771
78,149
78,150
78,792
78,666
78,849
78,773
78,496
78,934
78,295
78,168
78,732
78,810
78,427
78,812
78,627
78,438
78,185
78,827
78,189
78,451
78,993
78,585
78,202
78,334
78,528
78,593
78,82
78,851
78,597
78,86
78,600
78,975
78,476
78,221
78,478
78,352
78,144
78,226
78,166
78,977
78,874
78,829
78,240
78,113
78,403
78,501
78,886
78,963
78,122
78,251
78,125
78,894
79,644
79,809
79,204
79,626
79,629
79,631
79,121
79,317
79,158
80,804
80,646
80,935
80,682
80,654
80,438
80,792
80,732
80,125
81,665
81,525
81,541
81,517
81,544
81,546
81,550
81,551
81,519
81,557
81,558
81,564
81,590
81,591
81,867
81,838
81,85
81,601
81,602
81,604
81,605
81,606
81,608
81,98
81,293
81,615
81,104
81,617
81,924
81,621
81,622
81,111
81,114
81,893
81,116
81,117
81,89
81,632
81,633
81,634
81,123
81,126
81,640
81,134
81,136
81,137
81,650
81,652
81,655
81,145
81,660
81,153
81,623
81,156
81,669
81,670
81,159
81,674
81,163
81,171
81,172
81,177
81,178
81,179
81,798
81,694
81,695
81,184
81,287
81,188
81,701
81,706
81,708
81,118
81,198
81,199
81,200
81,649
81,716
81,207
81,209
81,211
81,213
81,216
81,217
81,218
81,719
81,549
81,367
81,738
81,739
81,231
81,744
81,745
81,746
81,235
81,751
81,753
81,755
81,759
81,760
81,762
81,252
81,254
81,258
81,259
81,261
81,776
81,266
81,780
81,271
81,787
81,280
81,793
81,795
81,248
81,286
81,901
81,290
81,805
81,294
81,807
81,296
81,298
81,813
81,302
81,305
81,709
81,823
81,735
81,565
81,321
81,836
81,326
81,327
81,842
81,331
81,844
81,336
81,340
81,301
81,343
81,911
81,349
81,864
81,355
81,356
81,870
81,359
81,879
81,368
81,369
81,373
81,890
81,831
81,582
81,896
81,386
81,387
81,456
81,389
81,905
81,919
81,397
81,399
81,402
81,407
81,411
81,412
81,926
81,418
81,155
81,421
81,422
81,423
81,425
81,941
81,943
81,433
81,435
81,948
81,445
81,958
81,959
81,452
81,968
81,457
81,247
81,973
81,465
81,982
81,985
81,987
81,989
81,990
81,933
81,484
81,510
81,341
82,512
82,128
82,770
82,922
82,645
82,390
82,897
82,393
82,138
82,523
82,142
82,918
82,144
82,403
82,149
82,849
82,792
82,666
82,436
82,496
82,930
82,291
82,677
82,934
82,295
82,168
82,732
82,810
82,427
82,812
82,334
82,185
82,186
82,827
82,189
82,654
82,451
82,438
82,993
82,585
82,202
82,680
82,975
82,593
82,338
82,851
82,980
82,597
82,86
82,600
82,150
82,476
82,221
82,478
82,352
82,400
82,226
82,166
82,977
82,232
82,874
82,935
82,236
82,750
82,240
82,113
82,627
82,372
82,501
82,886
82,963
82,122
82,251
82,125
82,894
83,953
83,634
83,291
83,198
84,697
84,431
85,640
85,326
85,198
85,178
85,244
85,343
85,314
85,667
85,906
86,128
86,897
86,770
86,922
86,645
86,390
86,393
86,523
86,654
86,400
86,403
86,149
86,150
86,792
86,666
86,849
86,496
86,804
86,934
86,295
86,168
86,732
86,810
86,427
86,812
86,334
86,438
86,185
86,827
86,189
86,451
86,993
86,585
86,202
86,528
86,593
86,851
86,597
86,600
86,975
86,476
86,221
86,478
86,351
86,352
86,144
86,226
86,166
86,977
86,874
86,935
86,829
86,240
86,113
86,627
86,372
86,501
86,886
86,963
86,122
86,251
86,125
86,894
87,337
87,255
87,855
88,888
88,178
88,198
89,704
89,193
89,931
89,246
89,903
89,681
89,274
89,781
89,242
89,852
89,470
89,89
89,346
89,198
89,95
90,116
90,933
90,198
90,901
91,225
92,129
92,198
92,175
92,634
92,447
92,92
92,191
93,603
93,939
94,416
94,523
94,930
94,291
94,804
94,438
94,391
94,232
94,393
94,682
94,295
94,152
94,822
94,297
94,600
94,863
94,956
95,193
95,931
95,246
95,903
95,584
95,681
95,683
95,396
95,781
95,366
95,242
95,852
95,917
95,470
95,346
95,253
96,325
97,933
97,326
98,933
98,988
98,589
98,623
98,720
98,329
98,823
98,729
98,286
98,901
99,112
99,353
99,556
99,921
100,634
101,107
101,804
102,986
103,257
103,363
103,395
103,526
103,784
103,728
103,707
103,409
103,283
103,176
103,923
103,169
103,858
103,687
103,560
103,817
103,563
103,820
103,542
103,439
103,308
103,575
103,832
103,705
103,578
103,195
103,417
103,588
103,205
103,845
103,976
103,466
103,724
103,854
103,569
103,984
103,473
103,474
103,475
103,229
103,737
103,847
103,613
103,233
103,875
103,915
103,500
103,630
103,504
103,766
104,515
104,198
104,171
104,178
104,179
104,694
104,343
104,836
104,989
105,899
105,261
105,933
106,132
106,173
106,401
106,662
106,921
106,414
106,928
106,685
106,572
106,800
106,835
106,840
106,461
106,592
106,469
106,599
106,736
106,740
106,490
106,881
106,884
106,511
107,450
107,467
107,228
107,733
108,198
108,199
109,536
110,145
110,343
111,136
111,343
112,912
112,353
112,556
112,921
113,512
113,897
113,770
113,900
113,773
113,646
113,138
113,523
113,654
113,528
113,771
113,918
113,849
113,645
113,934
113,168
113,860
113,270
113,438
113,186
113,827
113,993
113,585
113,202
113,977
113,597
113,250
113,476
113,221
113,352
113,144
113,593
113,874
113,627
113,886
113,122
113,125
114,259
114,517
114,660
114,924
114,926
114,301
114,433
114,695
114,198
114,973
114,590
114,211
114,343
114,472
114,601
114,218
114,989
114,990
114,225
114,148
114,355
114,739
114,617
114,247
114,761
114,254
115,448
115,384
115,227
115,612
115,777
115,533
115,657
115,690
115,949
115,121
115,634
115,861
115,255
116,959
116,933
116,329
116,399
116,831
116,701
116,510
116,901
117,198
117,567
117,343
117,989
118,386
118,163
118,198
118,145
118,525
118,213
118,343
118,155
119,420
119,869
119,969
119,362
119,431
119,697
119,965
120,791
120,784
120,535
120,794
120,283
120,672
120,555
120,942
120,560
120,820
120,439
120,574
120,832
120,705
120,195
120,588
120,858
120,395
120,229
120,236
120,120
121,448
121,384
121,227
121,612
121,777
121,533
121,657
121,690
121,949
121,861
121,255
122,512
122,897
122,770
122,900
122,645
122,646
122,391
122,393
122,523
122,270
122,528
122,771
122,788
122,149
122,792
122,666
122,849
122,773
122,934
122,168
122,860
122,810
122,812
122,627
122,334
122,438
122,186
122,827
122,956
122,189
122,963
122,993
122,585
122,202
122,975
122,593
122,851
122,468
122,597
122,476
122,221
122,478
122,352
122,144
122,226
122,732
122,922
122,977
122,874
122,829
122,240
122,400
122,403
122,886
122,125
123,198
123,933
123,326
123,343
124,897
124,770
124,771
124,524
124,654
124,144
124,150
124,160
124,496
124,934
124,680
124,682
124,436
124,438
124,189
124,323
124,583
124,585
124,971
124,975
124,980
124,476
124,221
124,240
124,372
124,762
124,508
125,512
125,516
125,523
125,528
125,540
125,583
125,585
125,593
125,597
125,600
125,627
125,128
125,645
125,646
125,142
125,144
125,658
125,963
125,149
125,150
125,666
125,677
125,166
125,168
125,185
125,186
125,189
125,202
125,732
125,221
125,226
125,240
125,251
125,770
125,771
125,773
125,270
125,792
125,295
125,810
125,812
125,827
125,829
125,334
125,849
125,338
125,851
125,654
125,351
125,352
125,874
125,372
125,886
125,894
125,897
125,390
125,393
125,400
125,403
125,918
125,922
125,934
125,427
125,944
125,436
125,438
125,451
125,971
125,975
125,977
125,980
125,476
125,478
125,993
125,496
125,501
126,155
126,286
126,933
127,875
127,233
127,395
127,205
127,283
128,897
128,922
128,645
128,390
128,393
128,523
128,654
128,144
128,403
128,149
128,849
128,792
128,666
128,436
128,496
128,166
128,295
128,168
128,732
128,810
128,427
128,812
128,334
128,185
128,827
128,189
128,451
128,438
128,993
128,585
128,202
128,975
128,593
128,851
128,597
128,600
128,476
128,221
128,478
128,352
128,400
128,226
128,934
128,977
128,874
128,240
128,627
128,150
128,501
128,886
128,963
128,251
128,894
129,198
129,199
129,494
129,624
129,978
129,213
129,758
129,254
130,254
130,557
130,326
131,819
131,131
131,741
131,585
131,911
132,740
132,206
132,414
132,685
133,835
133,644
133,869
133,431
134,544
134,163
134,198
134,200
134,399
134,355
134,343
134,155
135,740
135,414
136,769
136,340
136,343
136,216
136,701
137,163
137,198
137,343
138,750
138,677
138,166
138,792
138,658
138,918
138,654
138,975
138,436
138,149
138,438
138,600
138,152
138,221
138,732
138,189
138,351
139,394
139,198
140,312
140,642
140,669
140,933
141,555
141,770
141,707
141,203
141,468
141,438
141,439
141,733
142,874
142,934
142,977
142,810
142,975
142,496
142,189
142,372
142,438
142,792
142,922
142,251
142,476
142,849
143,176
143,555
143,741
144,897
144,770
144,922
144,645
144,390
144,393
144,523
144,654
144,918
144,400
144,792
144,771
144,149
144,849
144,152
144,666
144,436
144,496
144,934
144,295
144,168
144,732
144,810
144,427
144,812
144,627
144,334
144,185
144,827
144,189
144,963
144,438
144,585
144,202
144,975
144,593
144,851
144,597
144,600
144,250
144,476
144,221
144,478
144,352
144,993
144,226
144,166
144,977
144,874
144,451
144,240
144,403
144,150
144,501
144,886
144,251
144,894
145,266
145,267
145,525
145,387
145,238
145,407
145,157
145,670
145,161
145,933
145,551
145,811
145,305
145,178
145,565
145,567
145,701
145,319
145,320
145,322
145,198
145,311
145,719
145,341
145,343
145,357
145,751
145,760
146,255
147,199
148,225
148,601
149,897
149,770
149,922
149,645
149,390
149,393
149,523
149,654
149,792
149,771
149,150
149,152
149,666
149,849
149,496
149,677
149,934
149,295
149,168
149,732
149,810
149,427
149,812
149,270
149,334
149,862
149,185
149,827
149,189
149,863
149,451
149,438
149,993
149,585
149,202
149,403
149,975
149,593
149,851
149,597
149,600
149,476
149,221
149,478
149,607
149,352
149,400
149,226
149,166
149,977
149,874
149,829
149,240
149,680
149,627
149,501
149,886
149,963
149,251
149,894
150,897
150,922
150,645
150,390
150,682
150,393
150,523
150,524
150,654
150,771
150,849
150,792
150,666
150,436
150,160
150,496
150,934
150,295
150,680
150,732
150,810
150,427
150,812
150,691
150,334
150,185
150,698
150,827
150,189
150,963
150,438
150,993
150,585
150,202
150,971
150,975
150,593
150,851
150,980
150,597
150,600
150,476
150,221
150,478
150,352
150,400
150,226
150,251
150,166
150,627
150,977
150,874
150,451
150,240
150,168
150,403
150,372
150,501
150,886
150,635
150,894
151,257
151,473
151,520
151,784
151,791
151,283
151,682
151,950
151,575
151,832
151,711
151,203
151,205
151,845
151,466
151,724
151,345
151,858
151,614
151,233
151,191
152,645
152,523
152,654
152,792
152,436
152,438
152,963
152,822
152,585
152,849
152,980
152,600
152,732
152,351
152,352
152,993
153,989
153,198
153,343
154,801
154,844
154,289
155,389
155,649
155,778
155,399
155,823
155,943
155,412
155,286
155,544
155,163
155,933
155,806
155,753
155,425
155,430
155,177
155,245
155,198
155,200
155,842
155,582
155,982
155,343
155,602
155,864
155,738
155,355
155,356
155,870
155,231
155,745
155,746
155,359
155,622
155,367
155,369
155,632
155,893
155,510
156,896
156,198
156,429
156,621
156,688
156,178
156,343
156,634
157,165
157,945
157,873
157,167
157,814
157,212
157,598
157,888
157,615
157,316
157,701
157,318
157,837
158,641
158,964
158,486
158,678
158,328
158,183
158,887
158,629
158,534
158,631
158,239
158,895
159,322
159,178
159,343
159,890
160,960
160,323
160,804
160,263
160,372
160,682
160,971
160,940
160,496
160,434
160,980
160,580
161,355
161,198
161,906
161,213
161,343
161,445
161,959
162,437
162,198
163,611
163,198
163,200
163,941
163,355
163,343
163,793
164,433
164,484
165,577
165,837
165,198
165,273
165,178
165,219
165,316
166,897
166,770
166,922
166,390
166,393
166,523
166,654
166,403
166,792
166,666
166,849
166,645
166,496
166,930
166,934
166,295
166,168
166,732
166,810
166,427
166,812
166,334
166,185
166,827
166,189
166,451
166,438
166,993
166,585
166,202
166,975
166,593
166,851
166,597
166,600
166,476
166,221
166,478
166,352
166,400
166,226
166,977
166,874
166,750
166,240
166,627
166,501
166,886
166,963
166,251
166,894
167,767
167,621
168,897
168,770
168,922
168,646
168,393
168,523
168,654
168,771
168,792
168,666
168,849
168,645
168,496
168,390
168,295
168,732
168,810
168,427
168,812
168,627
168,334
168,438
168,185
168,827
168,189
168,451
168,993
168,585
168,202
168,975
168,593
168,851
168,597
168,600
168,476
168,221
168,478
168,607
168,352
168,400
168,226
168,934
168,614
168,977
168,874
168,240
168,403
168,501
168,886
168,963
168,251
168,894
169,257
169,363
169,395
169,526
169,784
169,707
169,409
169,283
169,858
169,176
169,923
169,817
169,687
169,560
169,561
169,563
169,820
169,542
169,308
169,575
169,832
169,705
169,578
169,195
169,417
169,588
169,460
169,205
169,845
169,976
169,466
169,724
169,854
169,569
169,984
169,473
169,474
169,475
169,229
169,737
169,847
169,613
169,233
169,875
169,915
169,500
169,630
169,504
169,766
170,454
171,198
171,567
171,343
171,316
171,989
172,343
172,933
172,198
172,744
172,331
172,430
172,311
172,891
172,778
172,319
173,736
173,800
173,928
173,740
173,840
173,461
173,469
173,662
173,572
173,414
174,933
174,198
175,198
175,332
175,273
175,533
175,790
176,257
176,363
176,520
176,395
176,526
176,784
176,707
176,791
176,409
176,283
176,858
176,560
176,923
176,817
176,500
176,687
176,176
176,561
176,563
176,308
176,542
176,820
176,955
176,575
176,832
176,705
176,578
176,195
176,711
176,460
176,588
176,205
176,845
176,976
176,466
176,724
176,854
176,569
176,984
176,473
176,474
176,475
176,229
176,737
176,847
176,613
176,233
176,875
176,417
176,915
176,372
176,630
176,504
176,766
177,933
177,198
177,311
177,343
177,988
177,319
178,386
178,259
178,901
178,341
178,321
178,264
178,905
178,834
178,525
178,387
178,916
178,494
178,407
178,774
178,798
178,546
178,294
178,551
178,811
178,303
178,305
178,311
178,445
178,266
178,394
178,565
178,320
178,701
178,435
178,765
178,326
178,197
178,198
178,716
178,842
178,567
178,973
178,412
178,978
178,838
178,902
178,343
178,218
178,987
178,604
178,738
178,611
178,357
178,273
178,238
178,751
178,624
178,753
178,706
178,632
178,634
178,767
178,541
178,582
178,213
179,198
179,271
179,694
179,343
179,989
180,273
180,510
180,621
180,198
180,765
181,304
181,880
181,198
182,536
182,866
182,725
182,661
183,641
183,964
183,678
183,328
183,239
183,629
183,534
183,887
183,282
183,895
184,933
184,198
184,778
184,722
184,343
184,985
185,897
185,770
185,900
185,390
185,393
185,523
185,654
185,403
185,792
185,666
185,849
185,496
185,295
185,732
185,810
185,427
185,812
185,645
185,334
185,827
185,189
185,451
185,438
185,993
185,585
185,202
185,975
185,593
185,851
185,597
185,600
185,476
185,221
185,478
185,352
185,400
185,226
185,934
185,922
185,977
185,874
185,338
185,240
185,627
185,501
185,886
185,963
185,251
185,894
186,512
186,770
186,900
186,773
186,646
186,585
186,476
186,270
186,352
186,528
186,438
186,792
186,860
187,187
187,742
187,406
187,375
188,482
188,933
188,198
188,744
188,331
188,300
188,834
188,720
188,343
188,319
189,897
189,770
189,922
189,646
189,393
189,523
189,600
189,771
189,792
189,540
189,666
189,849
189,645
189,496
189,390
189,295
189,732
189,810
189,427
189,812
189,627
189,436
189,827
189,458
189,654
189,963
189,438
189,993
189,585
189,202
189,975
189,593
189,851
189,980
189,334
189,728
189,476
189,221
189,478
189,351
189,352
189,400
189,226
189,934
189,977
189,874
189,451
189,240
189,403
189,372
189,501
189,886
189,251
189,894
189,597
190,203
190,764
191,549
191,462
191,933
192,920
192,774
192,198
192,278
193,931
193,246
193,903
193,681
193,459
193,396
193,781
193,242
193,852
193,917
193,470
193,825
193,346
194,844
195,257
195,363
195,395
195,526
195,784
195,915
195,409
195,283
195,858
195,672
195,923
195,817
195,555
195,687
195,560
195,561
195,818
195,563
195,820
195,542
195,308
195,575
195,832
195,705
195,578
195,707
195,417
195,460
195,588
195,205
195,845
195,976
195,504
195,466
195,724
195,854
195,569
195,984
195,473
195,474
195,475
195,229
195,737
195,847
195,613
195,233
195,875
195,500
195,630
195,766
196,449
196,963
196,545
196,364
196,690
196,957
197,715
197,698
197,198
198,517
198,665
198,343
198,525
198,602
198,544
198,549
198,550
198,973
198,519
198,557
198,558
198,947
198,564
198,577
198,695
198,590
198,269
198,598
198,605
198,606
198,608
198,293
198,615
198,617
198,924
198,619
198,621
198,622
198,623
198,624
198,616
198,275
198,632
198,633
198,634
198,720
198,640
198,959
198,650
198,652
198,655
198,660
198,414
198,601
198,694
198,429
198,697
198,701
198,708
198,710
198,199
198,200
198,649
198,716
198,546
198,207
198,208
198,209
198,211
198,212
198,214
198,933
198,217
198,218
198,223
198,604
198,367
198,738
198,739
198,231
198,744
198,745
198,234
198,747
198,751
198,753
198,755
198,759
198,760
198,761
198,762
198,252
198,765
198,254
198,767
198,259
198,260
198,261
198,774
198,776
198,266
198,983
198,704
198,271
198,273
198,274
198,787
198,674
198,793
198,795
198,796
198,285
198,286
198,901
198,289
198,290
198,987
198,805
198,294
198,807
198,296
198,298
198,300
198,813
198,302
198,303
198,709
198,310
198,823
198,826
198,319
198,316
198,906
198,318
198,565
198,833
198,836
198,837
198,326
198,327
198,329
198,842
198,331
198,332
198,848
198,337
198,301
198,855
198,399
198,349
198,350
198,778
198,864
198,867
198,356
198,870
198,359
198,541
198,879
198,369
198,239
198,373
198,888
198,916
198,831
198,892
198,893
198,896
198,386
198,387
198,456
198,389
198,321
198,392
198,905
198,394
198,919
198,397
198,398
198,911
198,402
198,404
198,407
198,920
198,411
198,412
198,926
198,798
198,419
198,932
198,582
198,422
198,423
198,425
198,938
198,355
198,941
198,746
198,943
198,433
198,435
198,948
198,437
198,952
198,953
198,958
198,447
198,960
198,729
198,452
198,966
198,968
198,457
198,247
198,418
198,465
198,978
198,982
198,249
198,985
198,248
198,989
198,990
198,421
198,992
198,336
198,484
198,489
198,493
198,494
198,498
198,235
198,509
198,510
199,357
199,811
199,343
199,254
200,608
200,763
200,331
200,947
200,343
200,355
201,979
202,897
202,770
202,922
202,390
202,393
202,523
202,654
202,918
202,771
202,792
202,666
202,849
202,645
202,496
202,295
202,732
202,810
202,427
202,812
202,627
202,334
202,438
202,827
202,451
202,993
202,585
202,975
202,593
202,851
202,980
202,597
202,600
202,476
202,221
202,478
202,352
202,400
202,226
202,934
202,977
202,874
202,240
202,403
202,501
202,886
202,963
202,251
202,894
203,875
203,906
203,791
203,784
203,915
203,283
203,542
203,817
203,820
203,439
203,574
203,205
203,976
203,724
203,854
203,984
203,473
203,351
203,233
203,619
205,257
205,363
205,797
205,395
205,526
205,784
205,791
205,707
205,409
205,283
205,560
205,923
205,561
205,858
205,306
205,687
205,817
205,563
205,820
205,542
205,439
205,308
205,575
205,832
205,705
205,578
205,417
205,460
205,588
205,845
205,847
205,976
205,466
205,724
205,854
205,569
205,984
205,473
205,474
205,475
205,229
205,737
205,613
205,233
205,875
205,236
205,750
205,915
205,500
205,630
205,504
205,766
206,740
206,685
206,414
207,992
207,933
207,343
207,567
207,254
208,509
208,933
209,343
209,933
209,331
209,624
209,311
209,381
209,319
210,595
210,931
210,370
210,342
211,430
211,343
212,598
212,615
212,873
212,814
212,945
212,888
212,952
212,318
213,906
213,706
213,273
213,430
213,287
213,933
213,301
213,302
213,567
213,320
213,834
213,311
213,343
213,217
213,762
213,238
213,761
213,634
213,558
214,992
214,642
214,933
214,807
214,566
214,332
214,910
214,305
214,214
214,471
214,440
214,314
215,354
215,483
215,740
215,414
216,769
216,567
216,343
217,906
217,343
217,314
218,247
218,303
218,343
218,634
218,762
219,301
219,974
219,494
219,219
219,701
220,809
220,447
221,512
221,516
221,523
221,524
221,528
221,585
221,593
221,597
221,600
221,607
221,627
221,645
221,654
221,963
221,666
221,677
221,682
221,732
221,226
221,236
221,240
221,251
221,770
221,270
221,792
221,295
221,810
221,812
221,827
221,829
221,334
221,849
221,851
221,351
221,352
221,874
221,372
221,886
221,894
221,897
221,390
221,393
221,400
221,403
221,922
221,416
221,934
221,427
221,436
221,438
221,451
221,971
221,975
221,977
221,980
221,476
221,478
221,993
221,496
221,680
221,501
223,424
223,301
223,974
223,303
223,762
223,735
223,634
224,786
224,236
225,983
225,472
225,954
225,730
225,350
226,897
226,770
226,922
226,390
226,393
226,523
226,654
226,403
226,792
226,993
226,666
226,849
226,645
226,416
226,496
226,295
226,732
226,810
226,427
226,773
226,270
226,334
226,827
226,451
226,438
226,812
226,585
226,975
226,593
226,851
226,597
226,600
226,476
226,478
226,352
226,400
226,934
226,977
226,874
226,829
226,240
226,627
226,501
226,886
226,963
226,251
226,894
227,448
227,384
227,612
227,777
227,533
227,657
227,690
227,949
227,861
227,255
228,467
229,257
229,363
229,395
229,526
229,784
229,707
229,409
229,283
229,858
229,923
229,817
229,687
229,560
229,561
229,563
229,820
229,542
229,308
229,575
229,832
229,705
229,578
229,417
229,460
229,588
229,845
229,976
229,504
229,466
229,724
229,854
229,569
229,984
229,473
229,474
229,475
229,737
229,847
229,613
229,233
229,875
229,915
229,500
229,630
229,766
230,904
230,843
230,503
231,933
231,343
231,356
232,993
232,770
232,291
232,334
232,438
232,232
232,524
232,338
232,918
232,240
232,849
232,468
232,600
232,250
232,351
232,894
232,607
233,257
233,797
233,520
233,535
233,578
233,526
233,784
233,791
233,687
233,707
233,532
233,409
233,283
233,560
233,923
233,817
233,875
233,858
233,815
233,561
233,818
233,563
233,820
233,542
233,950
233,308
233,317
233,575
233,832
233,705
233,711
233,460
233,588
233,363
233,845
233,976
233,466
233,724
233,854
233,569
233,984
233,473
233,474
233,475
233,395
233,733
233,613
233,737
233,847
233,488
233,619
233,750
233,417
233,915
233,500
233,574
233,630
233,504
233,766
234,749
235,989
235,343
236,395
236,654
236,784
236,792
236,283
236,797
236,416
236,295
236,808
236,555
236,942
236,818
236,563
236,438
236,439
236,672
236,585
236,845
236,466
236,597
236,984
236,475
236,975
236,627
236,574
236,250
237,907
238,320
238,264
238,649
238,311
238,834
238,238
238,564
238,567
238,248
239,641
239,964
239,678
239,328
239,887
239,629
239,534
239,895
240,897
240,770
240,922
240,390
240,393
240,523
240,524
240,654
240,771
240,792
240,666
240,849
240,645
240,291
240,295
240,732
240,810
240,427
240,812
240,627
240,334
240,827
240,451
240,438
240,993
240,585
240,971
240,975
240,593
240,851
240,980
240,597
240,600
240,476
240,478
240,352
240,400
240,934
240,977
240,874
240,496
240,680
240,403
240,372
240,501
240,886
240,963
240,251
240,894
241,841
241,299
241,700
242,903
242,781
242,917
242,921
242,931
242,681
242,939
242,825
242,584
242,852
242,470
242,346
242,603
242,754
242,499
242,246
243,938
245,864
245,933
245,465
245,456
245,425
245,842
245,331
245,367
245,369
245,373
245,632
245,412
245,778
245,510
245,959
246,903
246,396
246,781
246,917
246,931
246,681
246,309
246,825
246,584
246,803
246,852
246,470
246,346
246,480
246,366
246,253
247,343
247,924
248,343
248,411
248,989
249,872
249,697
249,479
250,897
250,918
250,393
250,654
250,558
250,925
250,291
250,804
250,677
250,680
250,297
250,797
250,306
250,822
250,953
250,956
250,438
250,583
250,849
250,338
250,597
250,600
250,862
250,993
250,750
250,508
251,897
251,770
251,922
251,390
251,393
251,523
251,403
251,849
251,792
251,666
251,436
251,645
251,496
251,677
251,295
251,732
251,810
251,427
251,812
251,689
251,270
251,334
251,478
251,827
251,654
251,451
251,438
251,993
251,585
251,975
251,593
251,851
251,980
251,597
251,600
251,476
251,862
251,351
251,352
251,528
251,934
251,977
251,874
251,829
251,400
251,627
251,372
251,501
251,886
251,963
251,894
252,834
252,933
252,343
252,985
252,293
252,319
253,931
253,366
253,852
253,917
253,470
254,517
254,392
254,919
254,541
254,926
254,418
254,326
254,294
254,807
254,430
254,688
254,433
254,670
254,322
254,452
254,331
254,716
254,290
254,343
254,985
254,591
254,989
254,992
254,355
254,621
255,448
255,384
255,962
255,612
255,614
255,777
255,690
255,797
255,657
255,949
255,861
255,533
256,752
256,314
256,906
257,257
257,363
257,395
257,526
257,784
257,791
257,707
257,409
257,283
257,858
257,560
257,923
257,817
257,687
257,561
257,563
257,820
257,542
257,308
257,575
257,832
257,705
257,578
257,417
257,460
257,588
257,845
257,976
257,466
257,724
257,854
257,569
257,984
257,473
257,474
257,475
257,613
257,737
257,847
257,875
257,915
257,500
257,630
257,504
257,766
258,445
258,343
259,343
260,974
261,633
261,778
261,343
261,985
262,882
262,693
262,415
263,698
263,263
264,320
264,834
264,549
264,264
264,311
264,369
264,567
264,602
264,605
265,314
266,321
266,738
266,387
266,906
266,525
266,765
266,565
266,343
266,760
266,634
266,751
267,357
267,871
267,368
267,343
267,719
267,670
268,955
268,310
269,692
269,269
269,797
270,512
270,770
270,900
270,773
270,646
270,523
270,654
270,528
270,451
270,792
270,732
270,438
270,829
270,963
270,993
270,585
270,977
270,860
270,352
270,400
270,627
270,886
270,894
271,326
271,311
271,343
273,701
273,424
273,940
273,974
273,695
273,634
273,774
274,903
274,824
275,752
275,314
275,933
276,505
276,362
276,659
277,449
277,676
277,970
277,491
277,783
277,818
278,920
278,774
278,710
279,925
279,782
280,506
280,326
281,586
282,641
282,614
282,764
282,847
282,528
282,885
282,538
282,380
283,363
283,797
283,395
283,526
283,784
283,791
283,707
283,409
283,923
283,560
283,561
283,555
283,858
283,306
283,687
283,817
283,563
283,820
283,542
283,950
283,439
283,308
283,575
283,832
283,705
283,578
283,711
283,460
283,588
283,845
283,976
283,504
283,466
283,724
283,854
283,569
283,984
283,473
283,474
283,475
283,613
283,737
283,847
283,455
283,875
283,750
283,417
283,915
283,500
283,574
283,630
283,766
284,842
284,933
286,933
286,834
286,343
286,319
287,838
287,906
287,302
287,343
287,634
287,314
288,326
289,932
290,355
290,331
290,343
291,770
291,390
291,930
291,291
291,935
291,297
291,944
291,822
291,863
291,963
291,438
291,338
291,980
291,600
291,607
291,627
291,886
292,353
292,673
293,933
293,343
293,311
293,985
293,319
294,392
294,809
294,906
294,365
294,302
294,343
294,634
294,667
294,426
295,513
295,922
295,390
295,897
295,393
295,523
295,654
295,403
295,792
295,666
295,849
295,645
295,496
295,682
295,677
295,732
295,810
295,427
295,812
295,334
295,478
295,827
295,963
295,438
295,993
295,585
295,975
295,593
295,851
295,597
295,600
295,476
295,351
295,352
295,400
295,934
295,977
295,874
295,451
295,627
295,501
295,886
295,894
296,326
296,343
297,393
297,458
297,338
297,597
297,438
298,326
298,343
299,514
299,647
299,492
299,908
299,912
299,914
299,410
299,668
299,927
299,936
299,441
299,442
299,700
299,446
299,454
299,712
299,841
299,599
299,609
299,485
299,620
299,502
299,379
299,637
299,511
300,933
300,746
300,988
300,720
300,870
300,823
300,329
300,901
301,424
301,974
301,745
301,394
301,303
301,302
301,726
301,494
301,634
301,762
301,735
302,394
302,332
302,974
302,911
302,634
302,762
303,762
303,332
303,974
303,634
303,735
304,576
304,907
304,554
304,779
304,718
304,880
305,305
305,816
305,343
305,591
305,670
306,875
306,395
306,542
306,563
306,575
306,832
306,578
306,845
306,976
306,338
306,984
306,473
306,858
306,607
306,363
306,750
307,307
307,741
308,363
308,395
308,526
308,784
308,707
308,409
308,858
308,560
308,923
308,817
308,555
308,687
308,561
308,563
308,820
308,542
308,569
308,575
308,832
308,705
308,578
308,417
308,460
308,588
308,845
308,976
308,466
308,724
308,854
308,984
308,473
308,474
308,475
308,613
308,737
308,847
308,875
308,915
308,500
308,630
308,504
308,766
309,931
309,584
309,499
309,470
310,540
310,698
311,320
311,836
311,411
311,311
311,445
311,834
311,708
311,567
311,987
311,336
311,655
311,805
311,608
311,870
311,744
311,367
311,633
311,510
312,906
313,571
313,330
313,659
313,455
314,906
314,752
314,667
314,719
315,481
315,651
315,453
315,454
315,587
315,461
315,464
315,789
315,951
315,377
315,570
315,637
316,616
316,947
317,698
317,317
318,615
318,873
318,814
318,701
318,945
318,598
318,888
319,399
319,943
319,412
319,550
319,753
319,564
319,327
319,456
319,649
319,842
319,336
319,982
319,602
319,549
319,864
319,356
319,870
319,615
319,744
319,745
319,359
319,367
319,369
319,632
319,933
319,893
319,510
320,320
320,834
320,550
320,567
320,412
321,387
321,525
321,751
321,565
321,343
321,670
322,326
322,883
322,343
323,940
323,980
323,580
324,420
324,859
324,559
325,779
325,419
326,515
326,519
326,648
326,727
326,397
326,671
326,805
326,557
326,573
326,343
326,987
326,890
326,606
326,355
326,616
326,759
326,506
327,343
327,933
327,331
327,567
328,641
328,964
328,678
328,887
328,629
328,534
328,895
329,899
329,933
329,821
329,758
329,772
329,901
330,571
331,652
331,465
331,663
331,413
331,421
331,806
331,423
331,813
331,430
331,564
331,778
331,336
331,867
331,343
331,549
331,355
331,744
331,753
331,373
331,933
332,762
332,634
332,826
333,844
334,897
334,770
334,922
334,390
334,393
334,523
334,654
334,403
334,792
334,666
334,849
334,645
334,496
334,930
334,732
334,810
334,427
334,812
334,827
334,451
334,438
334,993
334,585
334,975
334,593
334,851
334,597
334,600
334,476
334,478
334,352
334,400
334,934
334,977
334,874
334,935
334,627
334,501
334,886
334,963
334,894
335,929
336,343
336,933
337,855
338,770
338,918
338,390
338,524
338,788
338,792
338,804
338,810
338,438
338,963
338,849
338,980
338,597
338,600
338,862
338,607
338,993
338,874
338,338
338,750
338,627
338,372
339,784
340,834
340,343
341,343
342,595
342,370
343,665
343,525
343,541
343,517
343,544
343,546
343,550
343,551
343,519
343,557
343,565
343,805
343,590
343,591
343,867
343,601
343,602
343,604
343,605
343,606
343,608
343,617
343,924
343,621
343,632
343,633
343,650
343,652
343,655
343,465
343,660
343,670
343,674
343,798
343,694
343,695
343,706
343,708
343,709
343,716
343,719
343,549
343,367
343,738
343,739
343,744
343,745
343,746
343,751
343,755
343,761
343,776
343,780
343,787
343,793
343,795
343,807
343,811
343,813
343,649
343,564
343,831
343,836
343,842
343,864
343,355
343,356
343,357
343,870
343,359
343,879
343,369
343,373
343,893
343,896
343,386
343,387
343,456
343,389
343,623
343,905
343,919
343,397
343,399
343,402
343,407
343,411
343,412
343,926
343,418
343,582
343,422
343,423
343,425
343,941
343,943
343,433
343,435
343,948
343,445
343,958
343,959
343,452
343,968
343,457
343,973
343,760
343,982
343,985
343,987
343,989
343,990
343,421
343,484
343,510
344,925
345,614
345,818
345,918
345,728
345,764
345,733
346,480
346,931
346,470
346,903
346,584
346,681
346,396
346,781
346,366
346,852
346,917
346,825
347,420
347,846
347,559
347,374
347,857
347,859
348,420
348,859
348,453
350,617
351,770
351,918
351,523
351,654
351,792
351,930
351,804
351,933
351,438
351,416
351,963
351,585
351,906
351,975
351,849
351,600
351,677
351,743
351,935
351,750
351,372
352,512
352,770
352,900
352,646
352,897
352,393
352,523
352,524
352,792
352,403
352,666
352,849
352,645
352,496
352,390
352,732
352,810
352,427
352,812
352,436
352,827
352,654
352,963
352,438
352,993
352,585
352,528
352,593
352,851
352,600
352,975
352,476
352,478
352,607
352,922
352,400
352,934
352,977
352,860
352,874
352,451
352,773
352,627
352,501
352,886
352,894
352,597
353,556
353,921
353,927
354,483
354,740
354,431
354,921
354,414
355,778
355,544
355,813
355,433
355,564
355,985
355,989
356,834
356,806
356,778
356,933
357,368
357,670
358,933
358,709
359,834
359,933
360,518
361,361
361,595
361,699
362,965
362,734
363,395
363,526
363,784
363,707
363,409
363,858
363,560
363,923
363,561
363,555
363,687
363,817
363,563
363,542
363,820
363,575
363,832
363,705
363,578
363,417
363,460
363,588
363,845
363,976
363,466
363,724
363,854
363,569
363,984
363,473
363,474
363,475
363,613
363,737
363,847
363,875
363,915
363,500
363,630
363,504
363,766
364,545
364,869
364,463
364,853
364,536
364,697
364,734
365,529
366,931
366,852
366,917
367,933
367,778
368,871
368,670
369,933
369,778
371,819
372,512
372,771
372,682
372,523
372,524
372,963
372,792
372,922
372,540
372,849
372,496
372,934
372,680
372,732
372,810
372,436
372,438
372,827
372,451
372,585
372,971
372,975
372,593
372,980
372,654
372,476
372,993
372,977
372,874
372,627
372,501
373,933
373,778
374,420
374,581
374,559
374,530
374,675
374,857
374,859
375,548
375,742
375,406
376,522
377,481
377,651
377,453
377,454
377,587
377,461
377,464
377,789
377,951
377,570
377,637
378,548
379,991
381,744
381,465
382,818
383,536
383,576
384,448
384,962
384,612
384,777
384,533
384,657
384,690
384,949
384,861
385,554
387,905
387,525
387,751
387,565
388,600
388,548
388,918
389,933
389,778
389,823
390,513
390,770
390,922
390,897
390,393
390,523
390,654
390,403
390,792
390,666
390,849
390,645
390,496
390,930
390,682
390,677
390,732
390,810
390,427
390,812
390,827
390,963
390,438
390,993
390,585
390,975
390,593
390,851
390,600
390,476
390,478
390,607
390,400
390,934
390,977
390,874
390,451
390,627
390,501
390,886
390,894
390,597
391,770
391,963
391,614
391,956
391,682
391,523
391,438
391,585
391,600
391,863
391,930
392,758
392,981
393,512
393,770
393,922
393,897
393,523
393,654
393,771
393,792
393,666
393,849
393,496
393,930
393,682
393,677
393,810
393,427
393,812
393,645
393,478
393,827
393,956
393,458
393,963
393,438
393,993
393,585
393,403
393,975
393,593
393,851
393,600
393,476
393,863
393,400
393,732
393,934
393,977
393,874
393,451
393,627
393,501
393,886
393,894
393,597
394,974
394,634
394,731
395,875
395,526
395,784
395,707
395,409
395,797
395,672
395,417
395,475
395,561
395,858
395,687
395,817
395,563
395,542
395,560
395,820
395,575
395,832
395,705
395,578
395,460
395,588
395,845
395,976
395,504
395,466
395,724
395,854
395,569
395,984
395,473
395,474
395,847
395,613
395,737
395,750
395,915
395,500
395,630
395,923
395,766
396,480
396,931
396,470
396,521
396,459
396,852
396,681
398,933
398,709
399,567
399,589
400,512
400,770
400,922
400,897
400,523
400,771
400,792
400,666
400,849
400,645
400,416
400,496
400,732
400,810
400,427
400,812
400,627
400,827
400,654
400,451
400,438
400,585
400,975
400,593
400,851
400,600
400,476
400,478
400,607
400,993
400,934
400,977
400,874
400,403
400,501
400,886
400,963
400,894
400,597
401,740
401,414
402,933
402,985
403,512
403,770
403,922
403,897
403,523
403,654
403,771
403,792
403,666
403,849
403,645
403,416
403,496
403,732
403,810
403,427
403,812
403,827
403,451
403,438
403,993
403,585
403,975
403,593
403,851
403,600
403,476
403,478
403,607
403,934
403,977
403,874
403,627
403,501
403,886
403,963
403,894
403,597
404,933
405,898
405,775
405,428
405,530
405,884
405,856
405,921
406,742
409,875
409,526
409,784
409,707
409,858
409,560
409,923
409,561
409,687
409,817
409,563
409,542
409,820
409,575
409,832
409,705
409,578
409,417
409,588
409,460
409,845
409,976
409,466
409,724
409,854
409,569
409,984
409,473
409,474
409,475
409,613
409,737
409,847
409,915
409,500
409,574
409,630
409,504
409,766
410,441
411,650
411,989
412,933
412,430
412,778
414,490
414,685
414,662
414,928
414,431
414,819
414,572
414,800
414,835
414,967
414,840
414,461
414,592
414,469
414,991
414,736
414,483
414,740
414,785
414,747
414,877
414,618
415,882
415,693
416,512
416,944
416,963
416,804
416,645
416,458
416,654
416,438
416,792
416,516
416,851
416,639
417,875
417,526
417,784
417,707
417,858
417,560
417,923
417,817
417,687
417,561
417,563
417,542
417,820
417,569
417,575
417,832
417,705
417,578
417,588
417,460
417,845
417,976
417,466
417,724
417,854
417,984
417,473
417,474
417,475
417,613
417,737
417,847
417,915
417,500
417,630
417,504
417,766
418,807
418,814
419,779
420,653
420,530
420,431
420,664
420,921
420,539
420,675
420,553
420,559
420,568
420,828
420,702
420,581
420,859
420,972
420,717
420,846
420,909
420,697
420,857
420,507
421,933
421,968
422,567
422,989
423,823
424,974
424,634
424,762
424,735
425,933
425,778
426,831
426,906
426,919
426,719
427,897
427,922
427,523
427,654
427,792
427,666
427,849
427,645
427,496
427,732
427,810
427,812
427,827
427,451
427,438
427,993
427,585
427,975
427,593
427,851
427,600
427,475
427,476
427,478
427,934
427,977
427,874
427,627
427,501
427,886
427,963
427,894
427,597
428,921
428,884
428,775
429,634
430,546
430,795
430,510
430,985
430,890
431,967
431,872
431,697
431,592
431,921
431,530
431,740
432,562
432,611
432,878
432,941
433,484
433,926
435,933
435,713
435,985
436,770
436,771
436,523
436,524
436,654
436,963
436,934
436,680
436,438
436,827
436,451
436,585
436,971
436,975
436,977
436,980
436,600
436,732
436,863
436,993
436,849
436,874
436,496
436,627
437,797
438,512
438,513
438,516
438,523
438,524
438,583
438,585
438,593
438,597
438,600
438,607
438,627
438,645
438,646
438,658
438,963
438,666
438,677
438,682
438,689
438,691
438,728
438,732
438,743
438,980
438,768
438,770
438,771
438,773
438,788
438,792
438,804
438,810
438,812
438,822
438,827
438,829
438,832
438,849
438,851
438,654
438,860
438,874
438,886
438,894
438,897
438,900
438,918
438,922
438,930
438,934
438,935
438,944
438,451
438,458
438,971
438,975
438,977
438,468
438,476
438,478
438,993
438,496
438,680
438,501
438,508
439,791
439,784
439,535
439,794
439,672
439,555
439,942
439,687
439,439
439,444
439,574
439,711
439,976
439,475
439,733
439,500
440,443
440,699
441,599
442,965
442,647
443,699
444,832
444,931
444,820
444,574
446,511
446,581
446,599
447,566
448,612
448,777
448,533
448,657
448,690
448,949
448,861
449,796
450,467
451,513
451,922
451,897
451,523
451,788
451,792
451,666
451,849
451,645
451,496
451,646
451,732
451,810
451,812
451,827
451,654
451,963
451,993
451,585
451,975
451,593
451,851
451,468
451,600
451,476
451,478
451,934
451,977
451,874
451,451
451,829
451,627
451,501
451,886
451,980
451,894
451,597
453,481
453,651
453,454
453,587
453,461
453,464
453,789
453,951
453,570
453,637
454,481
454,587
454,651
454,653
454,461
454,464
454,789
454,502
454,951
454,570
454,637
455,742
455,784
455,984
455,659
455,566
456,778
456,567
456,589
456,823
456,985
457,834
457,989
458,804
458,682
458,654
458,944
458,600
458,792
458,516
458,639
459,480
459,931
459,521
460,875
460,526
460,784
460,707
460,858
460,560
460,923
460,561
460,942
460,687
460,817
460,563
460,542
460,820
460,575
460,832
460,705
460,578
460,588
460,845
460,976
460,466
460,724
460,854
460,569
460,984
460,473
460,474
460,475
460,613
460,737
460,847
460,915
460,500
460,630
460,504
460,766
461,651
461,789
461,662
461,928
461,951
461,570
461,572
461,800
461,840
461,587
461,464
461,469
461,736
461,481
461,740
461,637
462,479
462,638
463,869
463,965
464,481
464,651
464,587
464,789
464,951
464,570
464,637
465,867
465,933
465,663
465,778
465,981
466,875
466,526
466,784
466,707
466,532
466,687
466,858
466,560
466,561
466,815
466,817
466,563
466,542
466,820
466,575
466,832
466,705
466,578
466,588
466,845
466,976
466,724
466,854
466,569
466,984
466,473
466,474
466,475
466,613
466,737
466,847
466,915
466,500
466,630
466,504
466,923
466,766
468,770
468,804
468,682
468,977
468,600
468,732
468,894
469,928
469,800
469,740
469,840
469,662
469,572
469,736
470,903
470,521
470,781
470,917
470,931
470,681
470,825
470,584
470,852
471,819
472,739
472,695
473,875
473,520
473,526
473,784
473,791
473,707
473,560
473,923
473,561
473,858
473,687
473,817
473,563
473,542
473,950
473,820
473,575
473,832
473,705
473,578
473,711
473,588
473,845
473,976
473,724
473,854
473,569
473,984
473,473
473,474
473,475
473,613
473,737
473,847
473,750
473,915
473,500
473,630
473,504
473,766
474,875
474,526
474,784
474,707
474,560
474,923
474,561
474,687
474,817
474,563
474,542
474,820
474,575
474,832
474,705
474,578
474,588
474,845
474,976
474,724
474,854
474,569
474,984
474,858
474,475
474,733
474,613
474,737
474,847
474,915
474,500
474,630
474,504
474,766
475,875
475,526
475,784
475,707
475,791
475,858
475,560
475,923
475,561
475,687
475,817
475,563
475,542
475,820
475,575
475,832
475,705
475,578
475,588
475,845
475,976
475,724
475,854
475,569
475,984
475,847
475,613
475,737
475,915
475,500
475,630
475,504
475,766
476,897
476,770
476,900
476,523
476,524
476,918
476,792
476,666
476,849
476,645
476,496
476,677
476,810
476,812
476,773
476,827
476,654
476,993
476,585
476,971
476,975
476,593
476,851
476,980
476,600
476,680
476,732
476,478
476,934
476,922
476,977
476,874
476,627
476,501
476,886
476,963
476,771
476,894
476,597
477,611
477,941
477,878
478,897
478,770
478,922
478,523
478,654
478,792
478,666
478,849
478,645
478,496
478,677
478,732
478,810
478,812
478,627
478,827
478,993
478,585
478,975
478,593
478,851
478,980
478,600
478,934
478,614
478,977
478,874
478,822
478,501
478,886
478,963
478,894
478,597
479,487
479,686
479,638
479,479
480,931
480,781
480,499
480,852
481,651
481,587
481,789
481,951
481,570
481,637
482,933
482,806
482,744
482,982
482,959
483,800
483,740
483,877
483,572
485,609
485,514
485,936
485,908
485,620
485,914
485,502
485,637
486,799
486,631
487,628
487,638
487,686
488,770
488,804
488,584
488,619
490,857
490,835
490,740
491,970
491,676
492,908
493,837
494,731
494,966
494,974
494,634
494,762
494,933
495,524
495,607
496,897
496,922
496,682
496,523
496,524
496,792
496,540
496,666
496,849
496,645
496,732
496,810
496,812
496,827
496,654
496,993
496,585
496,971
496,975
496,593
496,851
496,980
496,600
496,934
496,977
496,874
496,680
496,627
496,501
496,886
496,963
496,771
496,894
496,597
497,601
498,966
498,933
499,931
499,584
499,521
499,781
499,603
500,875
500,526
500,784
500,707
500,858
500,560
500,923
500,561
500,687
500,817
500,563
500,542
500,820
500,575
500,832
500,705
500,578
500,588
500,845
500,976
500,724
500,854
500,569
500,984
500,613
500,737
500,847
500,915
500,630
500,504
500,766
501,897
501,770
501,922
501,523
501,654
501,792
501,666
501,849
501,645
501,732
501,810
501,812
501,827
501,993
501,585
501,975
501,593
501,851
501,980
501,600
501,934
501,977
501,874
501,627
501,886
501,963
501,894
501,597
502,609
502,514
502,908
502,620
502,914
503,904
503,843
504,875
504,526
504,784
504,707
504,560
504,923
504,561
504,858
504,687
504,817
504,563
504,542
504,820
504,575
504,832
504,705
504,578
504,588
504,845
504,976
504,724
504,854
504,569
504,984
504,613
504,737
504,847
504,915
504,630
504,766
505,659
506,989
507,684
507,507
508,600
508,980
508,728
510,891
510,778
511,740
511,647
511,599
511,921
511,572
512,770
512,900
512,773
512,646
512,523
512,792
512,812
512,963
512,585
512,975
512,977
512,851
512,654
512,600
512,860
512,528
512,627
512,894
513,516
513,682
513,654
513,600
513,732
513,894
514,609
514,908
514,620
514,914
516,804
516,645
516,682
516,585
516,654
516,944
516,792
516,732
516,639
517,567
517,989
519,671
521,683
521,903
521,681
521,852
521,917
522,636
523,770
523,922
523,524
523,677
523,792
523,849
523,666
523,977
523,645
523,930
523,804
523,646
523,732
523,810
523,812
523,944
523,691
523,827
523,654
523,897
523,993
523,585
523,975
523,593
523,851
523,980
523,600
523,934
523,743
523,874
523,935
523,829
523,627
523,886
523,963
523,894
523,597
524,897
524,771
524,654
524,680
524,732
524,827
524,971
524,975
524,977
524,980
524,993
524,849
524,627
525,905
525,751
525,565
526,875
526,784
526,707
526,560
526,923
526,561
526,858
526,687
526,817
526,563
526,542
526,820
526,575
526,832
526,705
526,578
526,588
526,845
526,976
526,724
526,854
526,569
526,984
526,613
526,737
526,847
526,915
526,630
526,766
527,796
527,940
528,897
528,770
528,900
528,773
528,646
528,771
528,792
528,934
528,732
528,963
528,585
528,975
528,593
528,860
530,775
530,921
531,548
531,965
532,619
532,784
532,791
533,612
533,777
533,657
533,690
533,949
533,790
533,861
534,641
534,964
534,678
534,887
534,629
534,895
535,619
535,711
536,866
536,749
536,869
536,910
536,815
536,697
537,742
538,600
538,953
538,804
538,607
539,912
539,857
539,859
539,653
540,993
540,963
540,792
540,975
541,905
542,875
542,784
542,707
542,858
542,672
542,560
542,923
542,561
542,555
542,687
542,817
542,563
542,820
542,575
542,832
542,705
542,578
542,588
542,845
542,976
542,724
542,854
542,569
542,984
542,613
542,737
542,847
542,750
542,915
542,630
542,766
543,634
543,765
543,974
544,550
544,893
544,933
546,933
546,778
546,726
546,985
547,754
547,596
548,703
549,933
549,778
550,933
552,692
552,957
553,830
553,559
554,779
554,576
555,784
555,672
555,942
555,687
555,574
555,705
555,578
555,711
555,976
555,854
555,858
555,737
556,921
557,701
558,804
558,583
558,750
558,600
558,953
558,762
559,859
559,846
559,913
559,756
559,664
560,875
560,784
560,707
560,858
560,923
560,561
560,687
560,817
560,563
560,820
560,575
560,832
560,705
560,578
560,588
560,845
560,976
560,724
560,854
560,569
560,984
560,613
560,737
560,847
560,915
560,630
560,766
561,875
561,784
561,707
561,923
561,858
561,687
561,817
561,563
561,820
561,575
561,832
561,705
561,578
561,588
561,845
561,976
561,724
561,854
561,569
561,984
561,613
561,737
561,847
561,915
561,630
561,766
562,611
562,941
562,798
563,875
563,784
563,707
563,797
563,923
563,817
563,858
563,687
563,820
563,575
563,832
563,705
563,578
563,588
563,845
563,976
563,724
563,854
563,569
563,984
563,613
563,737
563,847
563,750
563,915
563,630
563,766
564,744
565,905
565,751
566,933
566,906
566,701
567,567
567,834
567,842
567,745
567,632
567,893
568,675
568,581
568,972
568,653
568,846
568,857
568,859
569,875
569,784
569,707
569,858
569,923
569,817
569,687
569,820
569,575
569,832
569,705
569,578
569,588
569,845
569,976
569,724
569,854
569,984
569,613
569,737
569,847
569,915
569,630
569,766
570,651
570,587
570,789
570,951
570,637
572,736
572,800
572,740
572,840
572,928
572,662
574,942
575,875
575,784
575,786
575,707
575,858
575,672
575,923
575,817
575,687
575,950
575,820
575,832
575,705
575,578
575,588
575,845
575,976
575,724
575,854
575,984
575,613
575,737
575,847
575,915
575,630
575,766
576,779
576,907
577,577
577,933
577,879
577,753
577,795
577,767
578,875
578,784
578,707
578,858
578,923
578,817
578,687
578,820
578,832
578,705
578,588
578,845
578,976
578,724
578,854
578,984
578,613
578,737
578,847
578,915
578,630
578,766
579,985
579,891
579,933
579,831
581,742
581,653
581,857
581,921
582,933
583,627
583,600
584,931
584,903
584,681
584,781
584,852
584,917
585,593
585,597
585,600
585,627
585,645
585,654
585,658
585,963
585,666
585,677
585,689
585,691
585,728
585,732
585,770
585,792
585,810
585,812
585,827
585,829
585,849
585,851
585,874
585,886
585,894
585,897
585,900
585,918
585,922
585,934
585,971
585,975
585,977
585,980
585,993
587,789
587,951
587,637
588,875
588,784
588,786
588,707
588,791
588,672
588,923
588,817
588,858
588,687
588,820
588,832
588,705
588,845
588,976
588,724
588,854
588,984
588,613
588,737
588,847
588,915
588,630
588,766
589,933
589,988
589,720
589,823
589,901
590,924
591,816
591,670
592,991
592,740
593,897
593,770
593,922
593,654
593,792
593,666
593,645
593,732
593,810
593,812
593,627
593,773
593,827
593,993
593,975
593,977
593,851
593,600
593,934
593,849
593,874
593,886
593,963
593,771
593,894
593,597
594,776
594,899
594,933
596,754
597,897
597,770
597,922
597,654
597,918
597,792
597,666
597,849
597,645
597,677
597,810
597,812
597,827
597,993
597,975
597,851
597,600
597,732
597,934
597,977
597,874
597,627
597,886
597,963
597,771
597,894
598,615
598,873
598,814
598,945
598,888
599,740
599,647
600,607
600,627
600,645
600,646
600,654
600,963
600,666
600,682
600,732
600,980
600,792
600,804
600,810
600,812
600,822
600,827
600,829
600,848
600,849
600,851
600,863
600,874
600,886
600,894
600,897
600,918
600,922
600,930
600,934
600,935
600,956
600,975
600,977
600,993
600,680
602,933
602,778
603,939
603,643
603,754
603,889
604,634
605,989
607,654
607,956
607,732
607,607
609,908
609,620
609,914
610,957
611,878
611,941
612,777
612,657
612,690
612,861
612,949
613,875
613,784
613,707
613,858
613,923
613,817
613,687
613,820
613,832
613,705
613,711
613,845
613,976
613,724
613,854
613,984
613,737
613,847
613,915
613,630
613,766
614,770
614,733
614,728
614,639
615,758
615,945
615,873
615,842
615,888
615,814
615,701
615,988
615,823
615,901
615,933
615,753
616,987
618,618
618,740
618,970
619,711
619,847
619,784
620,936
620,908
620,914
621,716
621,941
621,798
622,933
622,842
622,772
623,933
623,778
623,985
624,758
625,714
625,826
625,757
626,932
627,770
627,900
627,897
627,918
627,792
627,666
627,849
627,645
627,930
627,677
627,732
627,810
627,812
627,689
627,827
627,654
627,971
627,975
627,851
627,980
627,934
627,922
627,977
627,874
627,993
627,886
627,963
627,894
629,641
629,964
629,678
629,887
629,895
630,875
630,784
630,707
630,858
630,923
630,817
630,687
630,820
630,832
630,705
630,845
630,976
630,724
630,854
630,984
630,737
630,847
630,915
630,766
632,933
632,778
632,823
633,985
634,786
634,735
634,731
634,695
634,826
634,974
634,726
634,911
634,745
634,746
634,762
634,765
635,980
636,967
637,651
637,921
637,789
637,951
638,967
638,686
638,638
639,804
639,654
639,944
639,792
639,682
640,669
641,964
641,678
641,887
641,895
643,889
643,939
645,897
645,654
645,918
645,792
645,666
645,849
645,773
645,732
645,810
645,812
645,827
645,993
645,975
645,851
645,980
645,934
645,922
645,977
645,874
645,829
645,886
645,963
645,894
646,897
646,770
646,900
646,773
646,963
646,792
646,732
646,944
646,956
646,975
646,849
646,654
646,860
646,863
649,933
650,989
651,789
651,951
652,933
653,912
654,658
654,963
654,666
654,682
654,691
654,732
654,770
654,773
654,792
654,804
654,810
654,812
654,827
654,829
654,848
654,849
654,851
654,874
654,886
654,894
654,897
654,918
654,922
654,934
654,944
654,975
654,977
654,980
654,993
654,680
655,989
656,954
656,946
657,962
657,777
657,690
657,861
657,949
658,804
658,691
658,792
658,732
660,739
660,983
661,725
662,736
662,800
662,928
662,740
662,840
664,684
664,748
664,756
665,989
666,897
666,770
666,792
666,922
666,849
666,732
666,810
666,812
666,827
666,993
666,975
666,851
666,934
666,977
666,874
666,886
666,963
666,771
666,894
668,908
670,871
670,807
670,816
672,672
672,832
672,942
672,687
672,791
672,818
672,707
672,724
672,794
674,933
674,778
674,985
675,972
675,857
675,859
677,770
677,788
677,792
677,930
677,934
677,732
677,810
677,812
677,827
677,956
677,822
677,975
677,977
677,728
677,993
677,743
677,874
677,935
677,886
678,964
678,887
678,895
679,959
680,897
680,771
680,792
680,804
680,963
680,971
680,980
680,993
680,743
681,931
681,903
681,781
681,852
681,917
681,825
682,770
682,930
682,804
682,956
682,822
682,971
682,863
682,935
682,980
684,748
684,756
684,702
685,740
687,875
687,784
687,707
687,820
687,858
687,923
687,817
687,832
687,705
687,845
687,976
687,724
687,854
687,984
687,737
687,847
687,915
687,766
690,962
690,966
690,777
690,844
690,861
690,949
691,993
691,963
691,804
691,980
691,732
692,957
693,882
694,834
694,989
695,739
695,946
695,730
696,882
697,929
697,869
697,967
697,872
697,965
698,715
698,848
698,980
700,700
701,968
701,873
701,823
701,735
701,933
704,911
705,875
705,784
705,707
705,858
705,923
705,817
705,820
705,832
705,845
705,976
705,724
705,854
705,984
705,737
705,847
705,915
705,766
707,875
707,784
707,915
707,858
707,923
707,817
707,820
707,832
707,711
707,845
707,976
707,724
707,854
707,984
707,737
707,847
707,766
708,989
709,778
709,985
709,933
710,774
710,920
711,784
711,791
711,724
711,950
714,757
715,715
719,945
719,765
720,933
720,823
720,988
721,941
722,899
722,933
723,925
723,782
724,875
724,784
724,791
724,858
724,923
724,817
724,950
724,820
724,832
724,845
724,976
724,854
724,984
724,737
724,847
724,915
724,766
726,966
726,974
726,765
728,733
728,770
728,975
728,792
729,933
729,901
731,731
732,963
732,980
732,770
732,771
732,788
732,792
732,804
732,810
732,812
732,822
732,827
732,829
732,849
732,851
732,874
732,886
732,894
732,897
732,900
732,922
732,934
732,935
732,944
732,956
732,975
732,977
732,993
733,770
733,817
733,984
733,818
733,861
735,765
735,762
735,974
736,800
736,928
736,740
736,840
737,875
737,784
737,791
737,925
737,923
737,817
737,858
737,942
737,820
737,832
737,845
737,976
737,854
737,984
737,847
737,915
737,766
740,928
740,800
740,835
740,967
740,840
740,991
740,785
740,747
740,877
742,770
742,844
742,880
742,986
743,791
743,804
744,933
744,988
745,933
745,778
745,823
746,933
746,988
747,819
748,756
748,933
750,797
750,804
750,953
750,832
750,845
750,854
750,984
750,858
751,905
751,811
753,767
753,891
753,933
753,831
753,985
753,988
753,765
755,989
758,933
761,985
762,815
762,974
762,786
765,873
766,875
766,784
766,858
766,923
766,817
766,820
766,832
766,845
766,976
766,854
766,984
766,847
766,915
767,983
767,798
770,980
770,771
770,773
770,788
770,792
770,810
770,812
770,827
770,829
770,849
770,851
770,860
770,863
770,874
770,886
770,894
770,897
770,900
770,918
770,922
770,930
770,934
770,963
770,975
770,977
770,993
771,897
771,934
771,810
771,922
771,827
771,971
771,886
771,851
771,980
771,977
771,874
771,829
772,899
772,933
772,821
773,900
773,792
773,934
773,860
773,963
773,975
774,920
775,898
775,850
775,884
775,856
776,985
777,861
777,949
778,842
778,982
778,985
778,864
778,933
779,907
780,883
781,931
781,903
781,852
781,917
781,825
782,839
782,925
784,791
784,923
784,817
784,858
784,950
784,832
784,875
784,845
784,976
784,854
784,984
784,847
784,915
784,820
785,800
786,962
786,815
787,989
788,894
789,951
791,931
791,942
791,820
791,950
791,832
791,984
792,963
792,804
792,810
792,812
792,827
792,829
792,849
792,851
792,874
792,886
792,894
792,897
792,922
792,934
792,935
792,944
792,971
792,975
792,977
792,980
792,993
795,933
795,883
796,868
797,832
797,804
797,854
797,818
798,883
800,928
800,840
800,835
802,919
803,824
803,903
804,918
804,804
804,935
804,944
804,953
804,863
804,963
804,822
804,971
806,933
807,871
810,897
810,922
810,849
810,812
810,827
810,993
810,975
810,851
810,980
810,934
810,977
810,874
810,886
810,963
810,894
812,922
812,897
812,849
812,827
812,993
812,975
812,851
812,934
812,977
812,874
812,886
812,963
812,894
813,933
814,873
814,945
814,919
814,888
817,875
817,858
817,923
817,820
817,832
817,845
817,976
817,854
817,984
817,847
817,915
820,875
820,923
820,858
820,832
820,845
820,976
820,854
820,984
820,847
820,915
821,899
822,897
822,935
822,863
823,831
823,988
823,933
824,903
825,931
825,903
825,852
826,974
826,911
826,826
827,897
827,922
827,918
827,849
827,993
827,975
827,851
827,980
827,934
827,977
827,874
827,886
827,963
827,894
828,859
829,897
829,930
829,977
829,993
829,894
829,886
829,963
830,962
831,945
831,966
831,985
831,891
831,933
832,875
832,976
832,923
832,858
832,942
832,955
832,950
832,845
832,854
832,984
832,847
832,915
832,885
833,868
834,943
834,834
834,982
834,864
836,989
839,925
840,928
841,908
842,933
843,904
843,962
844,916
845,875
845,858
845,923
845,847
845,976
845,854
845,984
845,915
846,857
846,859
847,858
847,923
847,875
847,976
847,854
847,984
847,915
848,977
849,897
849,922
849,993
849,971
849,975
849,851
849,980
849,934
849,977
849,874
849,886
849,963
849,894
851,922
851,897
851,977
851,993
851,975
851,934
851,874
851,886
851,963
851,894
852,903
852,917
852,931
854,875
854,923
854,858
854,942
854,950
854,976
854,984
854,915
856,898
858,875
858,923
858,976
858,984
858,915
859,909
859,972
860,900
861,949
863,930
863,956
863,925
864,933
865,932
867,933
868,916
868,937
869,965
870,933
873,945
873,888
874,897
874,922
874,918
874,977
874,993
874,975
874,934
874,886
874,963
874,894
875,875
875,923
875,976
875,984
875,915
876,918
881,961
884,921
886,897
886,922
886,918
886,977
886,993
886,975
886,934
886,963
886,894
887,964
887,895
888,945
889,939
889,889
890,987
890,989
891,933
893,933
894,900
894,977
894,897
894,993
894,975
894,934
894,922
894,980
894,963
895,964
896,989
897,922
897,977
897,944
897,993
897,975
897,980
897,934
897,935
897,963
899,933
899,901
900,963
900,975
901,933
903,903
903,917
903,931
906,974
908,914
915,923
915,942
915,976
915,984
917,931
918,934
918,963
918,977
921,967
922,977
922,993
922,975
922,934
922,963
923,976
923,984
925,950
930,935
930,956
930,963
930,993
932,981
933,947
933,943
933,948
933,959
933,985
933,988
933,933
933,992
934,977
934,993
934,975
934,980
934,963
935,993
935,963
938,938
938,986
942,942
942,984
946,954
948,985
950,984
959,985
963,975
963,977
963,980
963,993
966,978
966,966
968,989
970,970
971,975
971,980
971,977
974,974
975,977
975,993
975,980
976,984
977,993
977,980
980,980
980,993
984,984
